,Date,Added,Added,Removed,Removed,Reason
,Date,Ticker,Security,Ticker,Security,Reason
0,"May 4, 2023",AXON,Axon Enterprise,FRC,First Republic Bank,The Federal Deposit Insurance Corporation (FDIC) placed First Republic Bank into FDIC Receivership.[4]
1,"March 20, 2023",FICO,Fair Isaac,LUMN,Lumen Technologies,Market capitalization change.[5]
2,"March 15, 2023",BG,Bunge Limited,SBNY,Signature Bank,The FDIC placed Signature Bank into FDIC Receivership.[6]
3,"March 15, 2023",PODD,Insulet,SIVB,SVB Financial Group,"The FDIC placed SVB's main subsidiary, Silicon Valley Bank, into receivership.[7]"
4,"January 5, 2023",,,VNO,Vornado Realty Trust,Market capitalization change.[8]
5,"January 4, 2023",GEHC,GE HealthCare,,,S&P 500 constituent General Electric spun off GE HealthCare.[9]
6,"December 22, 2022",STLD,Steel Dynamics,ABMD,Abiomed,S&P 500 constituent Johnson & Johnson acquired Abiomed.[10]
7,"December 19, 2022",FSLR,First Solar,FBHS,Fortune Brands Home & Security,Market capitalization change.[11]
8,"December 19, 2022",,,MBC,MasterBrand,Market capitalization change.[11]
9,"December 15, 2022",MBC,MasterBrand,,,S&P 500 constituent Fortune Brands Home & Security spun off MasterBrand.[11]
10,"November 1, 2022",ACGL,Arch Capital Group,TWTR,Twitter,Elon Musk acquired Twitter.[12]
11,"October 12, 2022",TRGP,Targa Resources,NLSN,Nielsen Holdings,Elliot Management Corp acquired Nielsen Holdings.[13]
12,"October 3, 2022",PCG,PG&E,CTXS,Citrix Systems,Vista Equity Partners acquired Citrix Systems.[14]
13,"October 3, 2022",EQT,EQT,DRE,Duke Realty,S&P 500 constituent Prologis Inc. acquired Duke Realty.[14]
14,"September 19, 2022",CSGP,CoStar Group,PVH,PVH,Market capitalization change.[15]
15,"September 19, 2022",INVH,Invitation Homes,PENN,Penn Entertainment,Market capitalization change.[15]
16,"June 21, 2022",,,UA,Under Armour,Market capitalization change.[16] Under Armour Class C Shares.
17,"June 21, 2022",KDP,Keurig Dr Pepper,UAA,Under Armour,Market capitalization change.[16] Under Armour Class A Shares.
18,"June 21, 2022",ON,ON Semiconductor,IPGP,IPG Photonics,Market capitalization change.[16]
19,"June 8, 2022",VICI,Vici Properties,CERN,Cerner,S&P 500 constituent Oracle Corp. acquired Cerner.[16]
20,"April 4, 2022",CPT,Camden Property Trust,PBCT,People's United Financial,S&P 500 constituent M&T Bank Corp. acquired People's United Financial.[17]
21,"March 2, 2022",MOH,Molina Healthcare,INFO,IHS Markit,S&P 500 constituent S&P Global Inc. acquired IHS Markit.[18]
22,"February 15, 2022",NDSN,Nordson Corporation,XLNX,Xilinx,S&P 500 constituent Advanced Micro Devices acquired Xilinx.[19]
23,"February 3, 2022",,,GPS,Gap Inc.,Market capitalization change.[20]
24,"February 2, 2022",CEG,Constellation Energy,,,S&P 500 and 100 constituent Exelon Corp. spun off Constellation Energy.[20]
25,"December 20, 2021",SBNY,Signature Bank,LEG,Leggett & Platt,Market capitalization change.[21]
26,"December 20, 2021",SEDG,SolarEdge,HBI,Hanesbrands,Market capitalization change.[21]
27,"December 20, 2021",FDS,FactSet,WU,Western Union,Market capitalization change.[21]
28,"December 14, 2021",EPAM,EPAM Systems,KSU,Kansas City Southern,Canadian Pacific acquired Kansas City Southern.[22]
29,"September 20, 2021",MTCH,Match Group,PRGO,Perrigo,Market capitalization change.[23]
30,"September 20, 2021",CDAY,Ceridian,UNM,Unum,Market capitalization change.[23]
31,"September 20, 2021",BRO,Brown & Brown,NOV,Nov,Market capitalization change.[23]
32,"August 30, 2021",TECH,Bio-Techne,MXIM,Maxim Integrated,S&P 500 constituent Analog Devices acquired Maxim Integrated Products.[24]
33,"July 21, 2021",MRNA,Moderna,ALXN,Alexion Pharmaceuticals,AstraZeneca acquired Alexion Pharmaceuticals.[25]
34,"June 4, 2021",,,HFC,HollyFrontier,Market capitalization change.[26]
35,"June 3, 2021",OGN,Organon & Co.,,,S&P 500/100 constituent Merck & Co. spun off Organon.[26]
36,"May 14, 2021",CRL,Charles River Laboratories,FLIR,FLIR Systems,S&P 500 constituent Teledyne Technologies acquired FLIR Systems.[27]
37,"April 20, 2021",PTC,PTC,VAR,Varian Medical Systems,Siemens Healthineers acquired Varian Medical Systems.[28]
38,"March 22, 2021",NXPI,NXP,FLS,Flowserve,Market capitalization change.[29]
39,"March 22, 2021",PENN,Penn National Gaming,SLG,SL Green Realty,Market capitalization change.[29]
40,"March 22, 2021",GNRC,Generac Holdings,XRX,Xerox,Market capitalization change.[29]
41,"March 22, 2021",CZR,Caesars Entertainment,VNT,Vontier,Market capitalization change.[29]
42,"February 12, 2021",MPWR,Monolithic Power Systems,FTI,TechnipFMC,TechnipFMC was removed from the S&P 500 in anticipation of its announced spin-off of Technip Energies.[30]
43,"January 21, 2021",TRMB,Trimble Inc,CXO,Concho Resources,S&P 500/100 constituent ConocoPhillips acquired Concho Resources.[31]
44,"January 7, 2021",ENPH,Enphase Energy,TIF,Tiffany & Co,LVMH Moet Hennessy-Louis Vuitton SE acquired Tiffany & Co.[32]
45,"December 21, 2020",TSLA,Tesla Inc,AIV,Apartment Investment & Management,Apartment Investment and Management (Aimco) spun off Apartment Income REIT.[33]
46,"October 12, 2020",,,NBL,Noble Energy,Chevron acquired Noble Energy.[34]
47,"October 9, 2020",VNT,Vontier,,,S&P 500 constituent Fortive spun off Vontier.[34]
48,"October 7, 2020",POOL,Pool Corporation,ETFC,E-Trade,Morgan Stanley acquired E*Trade.[35]
49,"September 21, 2020",ETSY,Etsy,HRB,H&R Block,Market capitalization change.[36]
50,"September 21, 2020",TER,Teradyne,COTY,Coty,Market capitalization change.[36]
51,"September 21, 2020",CTLT,Catalent,KSS,Kohl's,Market capitalization change.[36]
52,"June 22, 2020",BIO,Bio-Rad Laboratories,ADS,Alliance Data Systems,Market capitalization change.[37]
53,"June 22, 2020",TDY,Teledyne,HOG,Harley-Davidson,Market capitalization change.[37]
54,"June 22, 2020",TYL,Tyler Technologies,JWN,Nordstrom,Market capitalization change.[37]
55,"May 22, 2020",WST,West Pharmaceutical Services,HP,Helmerich & Payne,Market capitalization change.[38]
56,"May 12, 2020",DPZ,Domino's Pizza,CPRI,Capri Holdings,Market capitalization change.[39]
57,"May 12, 2020",DXCM,Dexcom,AGN,Allergan,Allergan acquired by AbbVie.[39]
58,"April 6, 2020",,,M,Macy's,Market capitalization change.[40]
59,"April 6, 2020",,,RTN,Raytheon Company,United Technologies spun off Otis and Carrier and acquired Raytheon Company.[40]
60,"April 3, 2020",OTIS,Otis Worldwide,,,United Technologies spun off Otis and Carrier and acquired Raytheon Company.[40]
61,"April 3, 2020",CARR,Carrier,,,United Technologies spun off Otis and Carrier and acquired Raytheon Company.[40]
62,"April 1, 2020",HWM,Howmet Aerospace,ARNC,Arconic,Arconic separated into 2 companies - Howmet remained on the index.[41]
63,"March 2, 2020",IR,Ingersoll Rand,XEC,Cimarex Energy,"Gardner Denver acquired Ingersoll Rand's industrial businesses then changed its name to the ""new"" Ingersoll Rand Inc.[42][43]"
64,"January 28, 2020",PAYC,Paycom,WCG,WellCare,S&P 500 constituent Centene Corp. (NYSE: CNC) acquired Wellcare Health Plans.[44]
65,"December 23, 2019",LYV,Live Nation Entertainment,AMG,Affiliated Managers Group,Market capitalization change.[45]
66,"December 23, 2019",ZBRA,Zebra Technologies,TRIP,TripAdvisor,Market capitalization change.[45]
67,"December 23, 2019",STE,Steris,MAC,Macerich,Market capitalization change.[45]
68,"December 9, 2019",ODFL,Old Dominion Freight Line,STI,SunTrust Banks,BB&T acquired SunTrust to form Truist Financial.[46]
69,"December 5, 2019",WRB,W. R. Berkley Corporation,VIAB,Viacom,CBS acquired Viacom to form ViacomCBS.[47]
70,"November 21, 2019",NOW,ServiceNow,CELG,Celgene,Bristol-Myers Squibb (NYSE:BMY) acquired Celgene.[48]
71,"October 3, 2019",LVS,Las Vegas Sands,NKTR,Nektar Therapeutics,Market capitalization change.[49]
72,"September 26, 2019",NVR,NVR Inc,JEF,Jefferies Financial Group,JEF spun off SPB.[50]
73,"September 23, 2019",CDW,CDW,TSS,TSYS,S&P 500 constituent Global Payments (NYSE: GPN) acquired TSS.[51]
74,"August 9, 2019",LDOS,Leidos,APC,Anadarko Petroleum,S&P 500 & 100 constituent Occidental Petroleum Corp. (NYSE:OXY) acquired Anadarko Petroleum.[52]
75,"August 9, 2019",IEX,IDEX Corporation,FL,Foot Locker,Market capitalization change.[52]
76,"July 15, 2019",TMUS,T-Mobile US,RHT,Red Hat,S&P 500 & 100 constituent IBM acquired Red Hat.[53]
77,"July 1, 2019",MKTX,MarketAxess,LLL,L3 Technologies,L3 purchased by Harris Corporation[54]
78,"June 11, 2019",AMCR,Amcor,BMS,Bemis,BMS changed to AMCR post merger with Amcor;[55] subsequently renamed to Amcor[56]
79,"June 7, 2019",BMS,Bemis,MAT,Mattel,Pending merger of Bemis and Amcor; Bemis treated as the surviving entity.[57]
80,"June 3, 2019",DD,DuPont,DWDP,DowDuPont Inc.,DWDP changed to DD after spinning off Corteva.[58]
81,"June 3, 2019",CTVA,Corteva,FLR,Fluor Corporation,CTVA spun off from DWDP (which then changed symbol to DD)[58]
82,"April 2, 2019",DOW,Dow Inc.,BHF,Brighthouse Financial,DOW spun off from DWDP[59]
83,"February 27, 2019",WAB,Wabtec,GT,The Goodyear Tire & Rubber Company,WAB acquired GE transportation business[60]
84,"February 15, 2019",ATO,Atmos Energy,NFX,Newfield Exploration,ECA acquired NFX[61]
85,"January 18, 2019",TFX,Teleflex,PCG,Pacific Gas & Electric Company,PCG filed for bankruptcy[62]
86,"January 2, 2019",FRC,First Republic Bank,SCG,SCANA,Dominion Energy acquired SCANA Corporation[63]
87,"December 24, 2018",CE,Celanese,ESRX,Express Scripts,S&P 500 constituent Cigna (NYSE: CI) acquired ESRX[64]
88,"December 3, 2018",LW,Lamb Weston,COL,Rockwell Collins,UTX acquired COL[65]
89,"December 3, 2018",MXIM,Maxim Integrated,AET,Aetna,CVS acquired Aetna[65]
90,"December 3, 2018",FANG,Diamondback Energy,SRCL,Stericycle,Market Capitalization change[65]
91,"November 13, 2018",JKHY,Jack Henry & Associates,EQT,EQT,EQT spun off ETRN[66]
92,"November 6, 2018",KEYS,Keysight,CA,CA Technologies,CA acquired by Broadcom.[67]
93,"October 11, 2018",FTNT,Fortinet,EVHC,Envision Healthcare,EVHC acquired by KKR.[68]
94,"October 1, 2018",ROL,Rollins Inc,ANDV,Andeavor,ANDV acquired by Marathon Petroleum.[69]
95,"September 14, 2018",WCG,WellCare,XL,XL Group,XL acquired by AXA.[70]
96,"August 28, 2018",ANET,Arista Networks,GGP,GGP,GGP acquired by Brookfield Property Partners.[71]
97,"July 2, 2018",CPRT,Copart,DPS,Dr Pepper Snapple Group,DPS acquired by Keurig Green Mountain.[72]
98,"June 20, 2018",FLT,FleetCor Technologies,TWX,Time Warner,AT&T acquired Time Warner.[73]
99,"June 18, 2018",BR,Broadridge Financial Solutions,RRC,Range Resources,Market capitalization change.[74]
100,"June 18, 2018",HFC,HollyFrontier,AYI,Acuity Brands,Market capitalization change.[74]
101,"June 7, 2018",TWTR,Twitter,MON,Monsanto,Bayer acquired Monsanto.[75]
102,"June 5, 2018",EVRG,Evergy,NAVI,Navient,Westar Energy (NYSE: WR) acquired Great Plains Energy (NYSE: GXP) and changed name to Evergy.[76]
103,"May 31, 2018",ABMD,Abiomed,WYN,Wyndham Worldwide,Wyndham Worldwide spun off Wyndham Hotels & Resorts (NYSE:WH).[77]
104,"April 4, 2018",MSCI,MSCI,CSRA,CSRA,S&P 500 constituent General Dynamics (NYSE: GD) acquired CSRA.[78]
105,"March 19, 2018",TTWO,Take-Two Interactive,SIG,Signet Jewelers,Market capitalization change.[79]
106,"March 19, 2018",SIVB,SVB Financial Group,PDCO,Patterson Companies,Market capitalization change.[79]
107,"March 19, 2018",NKTR,Nektar Therapeutics,CHK,Chesapeake Energy,Market capitalization change.[79]
108,"March 7, 2018",IPGP,IPG Photonics,SNI,Scripps Networks Interactive,Discovery Communications acquired SNI.[80]
109,"January 3, 2018",HII,Huntington Ingalls Industries,BCR,CR Bard,Becton Dickinson acquired BCR.[81]
110,"October 13, 2017",NCLH,Norwegian Cruise Line Holdings,LVLT,Level 3 Communications,CenturyLink acquired LVLT.[82]
111,"September 18, 2017",CDNS,Cadence Design Systems,SPLS,Staples,Sycamore Partners acquired Staples.[83]
112,"September 1, 2017",DWDP,DowDuPont Inc.,DOW,Dow Chemical Company,The Dow Chemical Company renamed to DowDuPont Inc. and ticker changed from DOW to DWDP after acquiring DuPont.[84]
113,"September 1, 2017",SBAC,SBA Communications,DD,DuPont,The Dow Chemical Company acquired DuPont.[84]
114,"August 29, 2017",Q,QuintilesIMS,WFM,Whole Foods Market,Amazon acquired Whole Foods Market.[84]
115,"August 8, 2017",BHF,Brighthouse Financial,AN,AutoNation,"BHF replaced AN,[85] MET spun off BHF[85]"
116,"July 26, 2017",DRE,Duke Realty Corp,RIG,Transocean,Market capitalization change.[86]
117,"July 26, 2017",AOS,A. O. Smith,BBBY,Bed Bath & Beyond,Market capitalization change.[86]
118,"July 26, 2017",PKG,Packaging Corporation of America,MUR,Murphy Oil,Market capitalization change.[86]
119,"July 26, 2017",RMD,ResMed,MNK,Mallinckrodt,Market capitalization change.[86]
120,"July 26, 2017",MGM,MGM Resorts International,RAI,Reynolds American,British American Tobacco (NYSE MKT:BTI) acquired Reynolds American.[86]
121,"June 19, 2017",HLT,Hilton,YHOO,Yahoo!,VZ acquired YHOO operations; remainder of YHOO converted to closed-end company known as Altaba.[87]
122,"June 19, 2017",ALGN,Align Technology,TDC,Teradata,Market capitalization changes.[87]
123,"June 19, 2017",ANSS,Ansys,R,Ryder System,Market capitalization changes.[87]
124,"June 19, 2017",RE,Everest Re,MJN,Mead Johnson,Reckitt Benckiser acquired Mead Johnson Nutrition.[88]
125,"June 2, 2017",INFO,IHS Markit,TGNA,Tegna,TGNA spins off Cars.com[89]
126,"April 5, 2017",IT,Gartner,DNB,Dun & Bradstreet,IT acquiring CEB[90]
127,"April 4, 2017",DXC,DXC Technology,SWN,Southwestern Energy,"HPE spins off Everett, merged with CSC to form DXC[91][92]"
128,"March 20, 2017",AMD,Advanced Micro Devices,URBN,Urban Outfitters,Market capitalization change.[93]
129,"March 20, 2017",RJF,Raymond James Financial,FTR,Frontier Communications,Market capitalization change.[93]
130,"March 20, 2017",ARE,Alexandria Real Estate Equities,FSLR,First Solar,Market capitalization change.[93]
131,"March 16, 2017",SNPS,Synopsys,HAR,Harman International,Samsung Electronics acquired Harman International Industries.[94]
132,"March 13, 2017",DISH,Dish Network,LLTC,Linear Technology,S&P 500 constituent Analog Devices (NASD:ADI) acquired Linear Technology.[95]
133,"March 2, 2017",REG,Regency Centers,ENDP,Endo International,REG acquires EQY[96]
134,"March 1, 2017",CBOE,Cboe Holdings,PBI,Pitney Bowes,CBOE acquires BATS[96]
135,"February 28, 2017",INCY,Incyte,SE,Spectra Energy,SE acquired by ENB[96]
136,"January 5, 2017",IDXX,Idexx Laboratories,STJ,St Jude Medical,S&P 100 & 500 constituent Abbott Laboratories (NYSE:ABT) acquired St. Jude Medical.[97]
137,"December 2, 2016",MAA,Mid-America Apartments,OI,Owens-Illinois,Market capitalization change.[98]
138,"December 2, 2016",EVHC,Envision Healthcare,LM,Legg Mason,Market capitalization change.[98]
139,"November 1, 2016",ARNC,Arconic Inc,AA,Alcoa Inc,AA spins off ARNC[99]
140,"September 30, 2016",COTY,Coty Inc,DO,Diamond Offshore Drilling,COTY replaces DO[100]
141,"September 22, 2016",COO,The Cooper Companies,HOT,Starwood,MAR acquires HOT[101]
142,"September 8, 2016",CHTR,Charter Communications,EMC,EMC Corporation,Dell acquires EMC[102]
143,"September 6, 2016",MTD,Mettler Toledo,TYC,Tyco International,TYC acquires JCI (and retains JCI ticker).[103]
144,"July 5, 2016",FTV,Fortive Corp,CPGX,Columbia Pipeline Group,CPGX acquired by TRP[104]
145,"July 1, 2016",LNT,Alliant Energy Corp,GAS,AGL Resources,GAS acquired by SO[105]
146,"July 1, 2016",ALB,Albemarle Corporation,TE,TECO Energy,TE acquired by EMA[104]
147,"June 22, 2016",FBHS,Fortune Brands Home & Security,CVC,Cablevision Systems,CVC acquired by Altice NV[106]
148,"June 3, 2016",TDG,TransDigm Group,BXLT,Baxalta,SHPG acquiring BXLT[107]
149,"May 31, 2016",AJG,Arthur J. Gallagher & Co.,CCE,Coca-Cola Enterprises,CCE merging with European bottlers[108]
150,"May 23, 2016",LKQ,LKQ Corporation,ARG,Airgas,ARG acquired by Air Liquide[109]
151,"May 18, 2016",DLR,Digital Realty,TWC,Time Warner Cable,TWC acquired by CHTR[110]
152,"May 13, 2016",ALK,Alaska Air Group,SNDK,SanDisk,SNDK acquired by WDC[111]
153,"May 3, 2016",AYI,Acuity Brands,ADT,ADT,ADT acquired by APO[112]
154,"April 25, 2016",GPN,Global Payments,GME,GameStop,Global Payments is acquiring Heartland Payment Systems[113]
155,"April 18, 2016",ULTA,Ulta Beauty,THC,Tenet Healthcare,Ulta replaces Tenet[114]
156,"April 8, 2016",UA,Under Armour (Class C),,,Under Armour distribution of second class of stock
157,"April 4, 2016",FL,Foot Locker,CAM,Cameron International,Schlumberger acquired Cameron[115]
158,"March 30, 2016",HOLX,Hologic,POM,Pepco Holdings,Exelon acquired Pepco.[116]
159,"March 30, 2016",CNC,Centene Corporation,ESV,Ensco,Centene acquired Health Net.[116]
160,"March 7, 2016",UDR,UDR Inc,GMCR,Keurig Green Mountain,JAB Holding Company acquired Keurig Green Mountain[117]
161,"March 4, 2016",AWK,American Water Works,CNX,Consol Energy,AWK replaces CNX[118]
162,"February 22, 2016",CXO,Concho Resources,PCL,Plum Creek Timber,PCL taken over by WY[119]
163,"February 1, 2016",CFG,Citizens,PCP,Precision Castparts Corporation,CFG replaces PCP[120]
164,"February 1, 2016",FRT,Federal Realty Investment Trust,BRCM,Broadcom Corporation,FRT replaces BRCM[121]
165,"January 19, 2016",EXR,Extra Space Storage,ACE,Chubb,"EXR replaces ACE as ACE Ltd acquires Chubb and retains the CB ticker, giving up ACE[122]"
166,"January 5, 2016",WLTW,Willis Towers Watson,FOSL,Fossil Group,WSH merges with TW (and renames to WLTW)[123]
167,"December 29, 2015",CHD,Church & Dwight,ALTR,Altera,ALTR taken over by INTC[124]
168,"December 15, 2015",,,CMCSK,Comcast K Corp,CMCSK shares no longer listed[125]
169,"December 1, 2015",CSRA,CSRA,CSC,Computer Sciences Corporation,CSC spins off CSRA[126]
170,"November 19, 2015",ILMN,Illumina,SIAL,Sigma-Aldrich,Sigma-Aldrich acquired by Merck KGaA (MKGAY)[127]
171,"November 18, 2015",SYF,Synchrony Financial,GNW,Genworth Financial,GE spinning off Synchrony Financial[128]
172,"November 2, 2015",HPE,Hewlett Packard Enterprise,HCBK,Hudson City Bancorp,HPQ spins off HPE[129]
173,"October 7, 2015",VRSK,Verisk Analytics,JOY,Joy Global,Market capitalization change.[130]
174,"September 18, 2015",CMCSK,Comcast Class K Special,,,Share class methodology change[131]
175,"September 18, 2015",FOX,Twenty-First Century Fox Class B,,,Share class methodology change
176,"September 18, 2015",NWS,News Corporation Class B,,,Share class methodology change
177,"September 2, 2015",UAL,United Continental Holdings,HSP,Hospira,Hospira taken over[132]
178,"August 28, 2015",ATVI,Activision Blizzard,PLL,Pall Corporation,Pall taken over[132]
179,"July 29, 2015",SIG,Signet Jewelers,DTV,DirecTV,DirecTV acquired by AT&T.[133]
180,"July 20, 2015",PYPL,PayPal,NE,Noble Corporation,PayPal Spun off by eBay[134]
181,"July 8, 2015",AAP,Advance Auto Parts,FDO,Family Dollar,Family Dollar acquired.[135]
182,"July 6, 2015",KHC,Kraft Heinz,KRFT,Kraft Foods,Kraft merger with Heinz.[136]
183,"July 2, 2015",CPGX,Columbia Pipeline Group,ATI,Allegheny Technologies,Spin off of Columbia Pipeline.[137]
184,"July 1, 2015",JBHT,J.B. Hunt,TEG,Integrys Energy Group,Integrys taken over.[138]
185,"July 1, 2015",BXLT,Baxalta,QEP,QEP Resources,Baxalta spun off by Baxter.[139]
186,"June 11, 2015",QRVO,Qorvo,LO,Lorillard Tobacco Company,Lorillard gets acquired.[140]
187,"April 7, 2015",O,Realty Income Corporation,WIN,Windstream Communications,Market capitalization change.[141]
188,"March 23, 2015",AAL,American Airlines Group,AGN,Allergan,Allergan acquired by Actavis (and changed name to Allergan).[142]
189,"March 23, 2015",EQIX,Equinix,DNR,Denbury Resources,Market Capitalization Changes.[143]
190,"March 23, 2015",SLG,SL Green Realty,NBR,Nabors Industries,Market Capitalization Changes.
191,"March 23, 2015",HBI,Hanesbrands,AVP,Avon Products,Market Capitalization Changes.
192,"March 18, 2015",HSIC,Henry Schein,CFN,Carefusion,Carefusion acquired by Becton Dickinson[144]
193,"March 12, 2015",SWKS,Skyworks,PETM,PetSmart,PetSmart acquired by private equity consortium[145]
194,"January 27, 2015",HCA,HCA Holdings,SWY,Safeway,Safeway acquired by private equity consortium[146]
195,"January 27, 2015",ENDP,Endo International,COV,Covidien,Covidien acquired by Medtronic[147]
196,"December 5, 2014",RCL,Royal Caribbean Cruises,BMS,Bemis Company,Market cap changes[148]
197,"November 5, 2014",LVLT,Level 3 Communications,JBL,Jabil Circuit,Market cap changes[149]
198,"September 20, 2014",URI,United Rentals,BTU,Peabody Energy,Market cap changes[150]
199,"September 20, 2014",UHS,Universal Health Services,GHC,Graham Holdings,Market cap changes
200,"August 18, 2014",MNK,Mallinckrodt,RDC,Rowan Companies,Market cap changes[151]
201,"August 6, 2014",DISCK,Discovery Communications,,,Class C share distribution[152]
202,"July 2, 2014",MLM,Martin Marietta,X,United States Steel,Market capitalization changes[153]
203,"July 1, 2014",AMG,Affiliated Managers Group,FRX,Forest Laboratories,Actavis acquires Forest Laboratories[154]
204,"June 20, 2014",XEC,Cimarex Energy,IGT,International Game Technology,Market capitalization changes[155]
205,"May 8, 2014",AVGO,Avago Technologies,LSI,LSI Corporation,Avago acquires LSI[156]
206,"May 1, 2014",UA,Under Armour (Class A),BEAM,Beam Inc,Beam acquired by Suntory[157]
207,"May 1, 2014",NAVI,Navient,SLM,SLM Corporation,Navient Spun off from SLM[157]
208,"April 3, 2014",GOOGL,Google,,,Google Class C share distribution[158]
209,"April 2, 2014",ESS,Essex Property Trust,CLF,Cliffs Natural Resources,Market capitalization changes[159]
210,"March 21, 2014",GMCR,Keurig Green Mountain,WPX,WPX Energy,Market capitalization changes[160]
211,"January 24, 2014",TSCO,Tractor Supply,LIFE,Life Technologies,Life Technologies acquired by Thermo Fisher Scientific Inc[161]
212,"December 23, 2013",ADS,Alliance Data Systems,ANF,Abercrombie & Fitch,Market capitalization changes.[162]
213,"December 23, 2013",MHK,Mohawk Industries,JDSU,JDS Uniphase,Market capitalization changes.[162]
214,"December 23, 2013",FB,Facebook,TER,Teradyne,Market capitalization changes.[162]
215,"December 10, 2013",GGP,General Growth Properties,MOLX,Molex,MOLX acquired by Koch Industries.[163]
216,"December 2, 2013",ALLE,Allegion,JCP,JCPenney,Allegion spun off by Ingersoll Rand.[164]
217,"November 13, 2013",KORS,Michael Kors,NYX,NYSE Euronext,ICE Exchange acquired NYSE Euronext.[165]
218,"October 29, 2013",RIG,Transocean,DELL,Dell,Founder Michael Dell and Silver Lake Partners acquired Dell.[166]
219,"September 20, 2013",VRTX,Vertex Pharmaceuticals,AMD,Advanced Micro Devices,Market capitalization change.[167]
220,"September 20, 2013",AME,Ametek,SAI,SAIC,Market capitalization change.[167]
221,"September 10, 2013",DAL,Delta Air Lines,BMC,BMC Software,BMC taken private by consortium[168]
222,"July 8, 2013",NLSN,Nielsen Holdings,S,Sprint Nextel,Softbank consortium purchase results in public float below 50%[169]
223,"July 1, 2013",NWSA,21st Century Fox,APOL,Apollo Education Group,Apollo Group's market cap more representative of a mid-cap[170]
224,"June 21, 2013",ZTS,Zoetis,FHN,First Horizon,Zoetis spun off by Pfizer[171]
225,"June 6, 2013",GM,General Motors,HNZ,Heinz,HNZ acquired by consortium[172]
226,"May 23, 2013",KSU,Kansas City Southern,DF,Dean Foods,DF too small after spinoff of White Wave Foods[173]
227,"May 8, 2013",MAC,Macerich,CVH,Coventry Health Care,Acquired by Aetna (AET)[174]
228,"April 30, 2013",REGN,Regeneron Pharmaceuticals,PCS,MetroPCS,A majority of MetroPCS was acquired by T-Mobile[175]
229,"February 15, 2013",PVH,PVH,BIG,Big Lots,Market capitalization changes[176]
230,"January 2, 2013",ABBV,AbbVie,FII,Federated Investors,ABBV spun off from Abbott Labs (ABT)[177]
231,"December 21, 2012",DLPH,Delphi Automotive,TIE,Titanium Metals,TIE acquired by Precision Cast Parts (PCP)[178]
232,"December 11, 2012",GRMN,Garmin,RRD,RR Donnelley,Market capitalization changes[179]
233,"December 3, 2012",DG,Dollar General,CBE,Cooper Industries,Acquired by Eaton Corp. (ETN)[180]
234,"October 10, 2012",PETM,PetSmart,SUN,Sunoco,Acquired by Energy Transfer Partners (ETP)[181]
235,"October 2, 2012",KRFT,Kraft Foods,ANR,Alpha Natural Resources,Kraft split into two companies[182]
236,"October 1, 2012",ADT,ADT,LXK,Lexmark,Tyco spun off ADT[183]
237,"October 1, 2012",PNR,Pentair,DV,DeVry,Tyco spin-off merged w/Pentair[183]
238,"September 5, 2012",LYB,LyondellBasell,SHLD,Sears Holdings,SHLD below public float threshold[184]
239,"July 31, 2012",ESV,Ensco,GR,Goodrich Corporation,Goodrich acquired by United Technologies (UTX).[185]
240,"July 2, 2012",STX,Seagate Technology,PGN,Progress Energy,Acquired by Duke Energy (DUK)[186]
241,"June 29, 2012",MNST,Monster Beverage,SLE,Sara Lee Corporation,Split up of Sara Lee[187]
242,"June 5, 2012",LRCX,Lam Research,NVLS,Novellus Systems,Acquired by Lam Research (LRCX)[188]
243,"May 21, 2012",ALXN,Alexion Pharmaceuticals,MMI,Motorola Mobility,Acquired by Google (GOOG)[189]
244,"May 17, 2012",KMI,Kinder Morgan,EP,El Paso Corporation,Acquired by Kinder Morgan (KMI)[190]
245,"April 23, 2012",PSX,Phillips 66,SVU,Supervalu,ConocoPhillips spun off Phillips 66[191]
246,"April 3, 2012",FOSL,Fossil,MHS,Medco Health Solutions,Acquired by Express Scripts (ESRX)[192]
247,"March 13, 2012",CCI,Crown Castle,CEG,Constellation Energy Group,Acquired by Exelon Corp. (EXC)[193]
248,"December 31, 2011",WPX,WPX Energy,CPWR,Compuware,Market capitalization changes[194]
249,"December 20, 2011",TRIP,TripAdvisor,TLAB,Tellabs,Expedia spun off TripAdvisor.[195]
250,"December 16, 2011",BWA,BorgWarner,AKS,AK Steel,Market capitalization changes[196]
251,"December 16, 2011",PRGO,Perrigo,MWW,Monster Worldwide,Market capitalization changes
252,"December 16, 2011",DLTR,Dollar Tree,WFR,MEMC Electronic Materials,Market capitalization changes
253,"December 12, 2011",GAS,AGL Resources.,GAS,Nicor Gas,"Nicor acquired by AGL, which retained the GAS ticker.[197]"
254,"November 18, 2011",CBE,Cooper Industries,JNS,Janus Capital Group,Janus Capital Group's market capitalization is less than $1.2 billion  and is no longer representative of the large cap market space.[198]
255,"October 31, 2011",XYL,Xylem,ITT,ITT,Spun off from ITT Corp.[199]
256,"October 14, 2011",TEL,TE Connectivity,CEPH,Cephalon,Acquired by Teva Pharmaceutical Industries (TEVA).[200]
257,"September 23, 2011",MOS,The Mosaic Company,NSM,National Semiconductor,Acquired by Texas Instruments (TXN).[201]
258,"July 5, 2011",ACN,Accenture,MI,Marshall & Ilsley,Marshall & Iisley is being bought by Bank of Montreal[202]
259,"June 30, 2011",MPC,Marathon Oil,RSH,RadioShack,Market capitalization adjustments.[203]
260,"June 1, 2011",ANR,Alpha Natural Resources,MEE,Massey Energy,Alpha Natural Resources acquired Massey Energy.[204]
261,"April 27, 2011",CMG,Chipotle Mexican Grill,NOVL,Novell,Acquired by private equity firms.[205]
262,"April 1, 2011",BLK,BlackRock,GENZ,Genzyme,Acquired by Sanofi Aventis (SNY)[206]
263,"March 31, 2011",EW,Edwards Lifesciences,Q,Qwest Communications,Acquired by CenturyLink[207]
264,"February 28, 2011",COV,Covidien,MFE,McAfee,Acquired by Intel[208]
265,"February 25, 2011",JOYG,Joy Global,AYE,Allegheny Energy,Acquired by First Energy (FE).[209]
266,"December 17, 2010",CVC,Cablevision,KG,King Pharmaceuticals,Acquired by Pfizer.[210]
267,"December 17, 2010",FFIV,F5 Networks,EK,Eastman Kodak,Market Cap changes.[210]
268,"December 17, 2010",NFLX,Netflix,ODP,Office Depot,Market Cap changes.
269,"December 17, 2010",NFX,Newfield Exploration,NYT,The New York Times Company,Market Cap changes.
270,"November 17, 2010",IR,Ingersoll-Rand,PTV,Pactiv,Reynolds Group Holdings acquired Pactiv.[211]
271,"August 26, 2010",TYC,Tyco International,SII,Smith International,Acquired by Schlumberger (SLB)[212]
272,"July 14, 2010",CB,Chubb,MIL,Millipore,Acquired by Merck KGaA (MKGAY)[213]
273,"June 30, 2010",QEP,QEP Resources,STR,Questar,"Company split. QEP retained, but ticker changed.[214]"
274,"June 28, 2010",KMX,CarMax,XTO,XTO Energy,Acquired by ExxonMobil[215]
275,"April 29, 2010",CERN,Cerner,BJS,BJ Services,Acquired by Baker Hughes[216]
276,"February 26, 2010",HP,Helmerich & Payne,RX,IMS Health,Taken private[217]
277,"December 18, 2009",V,Visa,CIEN,Ciena,Market capitalization change.[218]
278,"December 18, 2009",MJN,Mead Johnson Nutrition,DYN,Dynegy,Market capitalization change.[218]
279,"December 18, 2009",CLF,Cliffs Natural Resources,KBH,KB Home,Market capitalization change.[218]
280,"December 18, 2009",SAI,SAIC,CVG,Convergys,Market capitalization change.[218]
281,"December 18, 2009",ROST,Ross Stores,MBI,MBIA,Market capitalization change.[218]
282,"November 3, 2009",PCLN,Priceline.com,SGP,Schering-Plough,Acquired by Merck & Co. (MRK)[219]
283,"September 28, 2009",ARG,Airgas,CBE,Cooper Industries,Redomesticated to Ireland[220]
284,"August 19, 2009",FMC,FMC Corporation,CTX,Centex Corp.,Centex acquired by Pulte Homes.[221]
285,"June 5, 2009",FTI,FMC Technologies,COV,Covidien,"Covidien moved its place of incorporation to Ireland, making it ineligible for inclusion in the index.[222]"
286,"March 3, 2009",HRL,Hormel Foods,ACAS,American Capital,Capitalization rebalance.[223]
287,"March 3, 2009",VTR,Ventas,JNY,Jones Apparel Group,Capitalization rebalance.
288,"December 31, 2008",OI,Owens-Illinois,WB,Wachovia Bank,Wachovia Bank acquired by Wells Fargo.[224]
289,"September 16, 2008",HRS,Harris Corporation,LEH,Lehman Brothers,Lehman Brothers filed for bankruptcy.[225]
290,"September 12, 2008",CRM,Salesforce,FRE,Freddie Mac,Capitalization rebalance.[226]
291,"September 12, 2008",FAST,Fastenal,FNM,Fannie Mae,Capitalization rebalance.[226]
292,"July 1, 2008",AKS,AK Steel,CFC,Countrywide Financial Corp,Ak Steel replaced Countrywide Financial.[227]
293,"June 23, 2008",COG,Cabot Oil & Gas,BC,Brunswick,Market capitalization change.[228]
294,"June 23, 2008",MEE,Massey Energy,OMX,OfficeMax,Market capitalization change.[228]
295,"June 10, 2008",LO,Lorillard Tobacco Company,ABK,Ambac Financial,Market Value Decline[229]
296,"December 20, 2007",RRC,Range Resources,TRB,Tribune Media,Taken private[230]
297,"December 13, 2007",GME,GameStop,DJ,Dow Jones,Acquired by News Corporation[231]
298,"October 26, 2007",JEC,Jacobs Engineering Group,AV,Avaya,Taken private[232]
299,"October 2, 2007",EXPE,Expedia,SLR,Solectron,Solectron acquired by Flextronics.[233]
300,"October 1, 2007",TDC,Teradata,NCR,NCR Corporation,Teradata spun off by NCR Corporation.[233]
301,"September 27, 2007",TSO,Tesoro Corporation,MXIM,Maxim Integrated Products,MXIM delisted from NASDAQ exchange.[233]
302,"September 26, 2007",ICE,Intercontinental Exchange,FDC,First Data,FDC acquired by KKR.[233]
303,"August 24, 2007",LUK,Leucadia National,KSE,KeySpan,Acquired by National Grid plc[234]
304,"July 2, 2007",DFS,Discover Financial Services,,,Discover Financial Services Debuts On New York Stock Exchange Under Ticker Symbol DFS
305,"March 30, 2007",KFT,Kraft Foods,TSG,Sabre Corporation,Taken Private[235]
306,"January 10, 2007",AVB,AvalonBay Communities,SBL,Symbol Technologies,Acquired by Motorola[236]
307,"June 2, 2006",JNPR,Juniper Networks,ABS,Albertsons,Albertsons acquired by SuperValu and CVS Corp.[237]
308,"November 18, 2005",AMZN,Amazon,T,AT&T Corporation,AT&T Corp. acquired by SBC Communications[238]
309,"July 1, 2005",STZ,Constellation Brands,GLK,Great Lakes Chemical,Acquired by Crompton Corp.[239]
310,"September 25, 2003",ESRX,Express Scripts,QTRN,Quintiles Transnational,Taken private[240]
311,"December 5, 2000",INTU,Intuit,BS,Bethlehem Steel,Market Cap changes.[241]
312,"December 5, 2000",SBL,Symbol Technologies,OI,Owens-Illinois,Market Cap changes.
313,"December 5, 2000",AYE,Allegheny Energy,GRA,WR Grace,Market Cap changes.
314,"December 5, 2000",ABK,Ambac Financial,CCK,Crown Holdings,Market Cap changes.
315,"July 27, 2000",JDSU,JDS Uniphase,RAD,RiteAid,Market Cap change.[242]
316,"June 12, 2000",CVG,Convergys,TMC,Times Mirror,Tribune Co. acquired Times Mirror.[243]
317,"June 7, 2000",SBUX,Starbucks,SMS,Shared Medical Systems,Siemens AG acquired Shared Medical Systems.[243]
318,"December 7, 1999",YHOO,Yahoo!,LDW,Laidlaw,Market capitalization change.[244]
319,"June 9, 1999",WLP,Wellpoint,HPH,Harnischfeger Industries,Harnischfeger filed for bankruptcy.[245]
320,"December 11, 1998",FSR,Firstar,LDW,Amoco,British Petroleum purchased Amoco.[246]
321,"December 11, 1998",CCL,Carnival Corp.,GRN,General Re,Berkshire Hathaway purchased General Re.[246]
322,"December 11, 1998",CPWR,Compuware,SUN,SunAmerica,AIG purchased SunAmerica.[246]
323,"June 17, 1997",CCI,Countrywide Credit Industries,USL,USLife,AIG acquired USLife.[247]
